Workbook

Sheet الداشبورد
C2: لوحة متابعة الإنتاج التفاعلية — Energya Power Cables
C3: أكتوبر 2026 · البيانات حتى يوم 7 · عدّل القوائم المنسدلة وكل الأرقام والرسوم تتحدث فوراً
A5: اليوم | B5: الكل
A6: العائلة | B6: الكل
A7: السوق | B7: الكل
A8: الموصل | B8: الكل
A9: الجودة | B9: الكل
A10: العميل | B10: الكل
A11: الماكينة | B11: الكل
C13: مؤشرات الشهر
C14: الإنتاج الفعلي (طن) | E14: الخطة (طن) | G14: نسبة التحقيق | I14: الفاضل (طن) | K14: أيام متبقية | M14: مطلوب طن/يوم
C15: =SUMPRODUCT('البيانات'!$X$2:$X$2001,'البيانات'!$P$2:$P$2001) | E15: =IF('الخطة'!$B$1>0,'الخطة'!$B$1,0) | G15: =IF($E$15>0,$C$15/$E$15,0) | I15: =IF($E$15>0,MAX(0,$E$15-$C$15),0) | K15: =MAX(0,'الخطة'!$B$4-MAX('البيانات'!$A$2:$A$2000)) | M15: =IF($K$15>0,$I$15/$K$15,0)
C17: المعدل اليومي الفعلي | E17: توقع نهاية الشهر | G17: أيام إنتاج | I17: إجمالي كم | K17: طرود | M17: حصة التصدير
C18: =IF($G$18>0,$C$15/$G$18,0) | E18: =$C$18*'الخطة'!$B$4 | G18: =COUNTIF('حسابات'!$B$2:$B$32,">0") | I18: =SUMPRODUCT('البيانات'!$X$2:$X$2001,'البيانات'!$L$2:$L$2001)/1000 | K18: =SUMPRODUCT('البيانات'!$X$2:$X$2001) | M18: =IF($C$15>0,SUMPRODUCT('البيانات'!$X$2:$X$2001,--('البيانات'!$K$2:$K$2001="Y"),'البيانات'!$P$2:$P$2001)/$C$15,0)
C20: 💡 غيّر أي قائمة منسدلة فوق — كل المؤشرات والرسوم بتتحدث لحظياً. الخطة تتعدل من ورقة «الخطة».

Sheet البيانات
A1: اليوم | B1: الطرد | C1: أمر التشغيل | D1: العميل | E1: العائلة | F1: المواصفة | G1: الماكينة | H1: نوع التعبئة | I1: حالة QC | J1: الموصل | K1: السوق | L1: أمتار | M1: طن موصلات | N1: طن Screen | O1: طن Armour | P1: الطن الكلي | Q1: مطابقة اليوم | R1: مطابقة العائلة | S1: مطابقة السوق | T1: مطابقة الموصل | U1: مطابقة الجودة | V1: مطابقة العميل | W1: مطابقة الماكينة | X1: مطابق لكل الفلاتر
A2: 1 | B2: J184219 | C2: 1350/26/01 | D2: Eland Cables | E2: LV | F2: 1.8/3 KV 3X150 | G2: RW01 | H2: Wooden Drums | I2: OK | J2: A | K2: Y | L2: 145 | M2: 0.170665 | N2: 0 | O2: 0 | P2: 0.170665 | Q2: =--($A2=IF('الداشبورد'!$B$5="الكل",$A2,'الداشبورد'!$B$5)) | R2: =--($E2=IF('الداشبورد'!$B$6="الكل",$E2,'الداشبورد'!$B$6)) | S2: =--($K2=IF('الداشبورد'!$B$7="الكل",$K2,IF('الداشبورد'!$B$7="تصدير","Y","N"))) | T2: =--($J2=IF('الداشبورد'!$B$8="الكل",$J2,IF('الداشبورد'!$B$8="AL","A","C"))) | U2: =--($I2=IF('الداشبورد'!$B$9="الكل",$I2,IF('الداشبورد'!$B$9="بدون حالة","P",'الداشبورد'!$B$9))) | V2: =--($D2=IF('الداشبورد'!$B$10="الكل",$D2,'الداشبورد'!$B$10)) | W2: =--($G2=IF('الداشبورد'!$B$11="الكل",$G2,'الداشبورد'!$B$11)) | X2: =Q2*R2*S2*T2*U2*V2*W2*--($C2<>"")
A3: 1 | B3: V184125 | C3: 803/26/01 | D3: الشركة العربية للصناعة والتجارة الدولية | E3: MV | F3: 18 / 30 KV 3 X 400 MM | G3: EX07 | H3: Wooden Drums | I3: OK | J3: A | K3: N | L3: 400 | M3: 1.2264 | N3: 0 | O3: 0 | P3: 1.2264 | Q3: =--($A3=IF('الداشبورد'!$B$5="الكل",$A3,'الداشبورد'!$B$5)) | R3: =--($E3=IF('الداشبورد'!$B$6="الكل",$E3,'الداشبورد'!$B$6)) | S3: =--($K3=IF('الداشبورد'!$B$7="الكل",$K3,IF('الداشبورد'!$B$7="تصدير","Y","N"))) | T3: =--($J3=IF('الداشبورد'!$B$8="الكل",$J3,IF('الداشبورد'!$B$8="AL","A","C"))) | U3: =--($I3=IF('الداشبورد'!$B$9="الكل",$I3,IF('الداشبورد'!$B$9="بدون حالة","P",'الداشبورد'!$B$9))) | V3: =--($D3=IF('الداشبورد'!$B$10="الكل",$D3,'الداشبورد'!$B$10)) | W3: =--($G3=IF('الداشبورد'!$B$11="الكل",$G3,'الداشبورد'!$B$11)) | X3: =Q3*R3*S3*T3*U3*V3*W3*--($C3<>"")
A4: 1 | B4: U184120 | C4: 803/26/01 | D4: الشركة العربية للصناعة والتجارة الدولية | E4: MV | F4: 18 / 30 KV 3 X 400 MM | G4: EX07 | H4: Wooden Drums | I4: OK | J4: A | K4: N | L4: 412 | M4: 1.263192 | N4: 0 | O4: 0 | P4: 1.263192 | Q4: =--($A4=IF('الداشبورد'!$B$5="الكل",$A4,'الداشبورد'!$B$5)) | R4: =--($E4=IF('الداشبورد'!$B$6="الكل",$E4,'الداشبورد'!$B$6)) | S4: =--($K4=IF('الداشبورد'!$B$7="الكل",$K4,IF('الداشبورد'!$B$7="تصدير","Y","N"))) | T4: =--($J4=IF('الداشبورد'!$B$8="الكل",$J4,IF('الداشبورد'!$B$8="AL","A","C"))) | U4: =--($I4=IF('الداشبورد'!$B$9="الكل",$I4,IF('الداشبورد'!$B$9="بدون حالة","P",'الداشبورد'!$B$9))) | V4: =--($D4=IF('الداشبورد'!$B$10="الكل",$D4,'الداشبورد'!$B$10)) | W4: =--($G4=IF('الداشبورد'!$B$11="الكل",$G4,'الداشبورد'!$B$11)) | X4: =Q4*R4*S4*T4*U4*V4*W4*--($C4<>"")
A5: 1 | B5: U184126 | C5: 1385/26/03 | D5: الشركة العربية للصناعة والتجارة الدولية | E5: LV | F5: 0.6/1 KV 3*240+120 | G5: EX04 | H5: Wooden Drums | I5: OK | J5: A | K5: N | L5: 1001 | M5: 2.199197 | N5: 0 | O5: 0 | P5: 2.199197 | Q5: =--($A5=IF('الداشبورد'!$B$5="الكل",$A5,'الداشبورد'!$B$5)) | R5: =--($E5=IF('الداشبورد'!$B$6="الكل",$E5,'الداشبورد'!$B$6)) | S5: =--($K5=IF('الداشبورد'!$B$7="الكل",$K5,IF('الداشبورد'!$B$7="تصدير","Y","N"))) | T5: =--($J5=IF('الداشبورد'!$B$8="الكل",$J5,IF('الداشبورد'!$B$8="AL","A","C"))) | U5: =--($I5=IF('الداشبورد'!$B$9="الكل",$I5,IF('الداشبورد'!$B$9="بدون حالة","P",'الداشبورد'!$B$9))) | V5: =--($D5=IF('الداشبورد'!$B$10="الكل",$D5,'الداشبورد'!$B$10)) | W5: =--($G5=IF('الداشبورد'!$B$11="الكل",$G5,'الداشبورد'!$B$11)) | X5: =Q5*R5*S5*T5*U5*V5*W5*--($C5<>"")
A6: 1 | B6: T184131 | C6: 1385/26/03 | D6: الشركة العربية للصناعة والتجارة الدولية | E6: LV | F6: 0.6/1 KV 3*240+120 | G6: EX04 | H6: Wooden Drums | I6: OK | J6: A | K6: N | L6: 1005 | M6: 2.207985 | N6: 0 | O6: 0 | P6: 2.207985 | Q6: =--($A6=IF('الداشبورد'!$B$5="الكل",$A6,'الداشبورد'!$B$5)) | R6: =--($E6=IF('الداشبورد'!$B$6="الكل",$E6,'الداشبورد'!$B$6)) | S6: =--($K6=IF('الداشبورد'!$B$7="الكل",$K6,IF('الداشبورد'!$B$7="تصدير","Y","N"))) | T6: =--($J6=IF('الداشبورد'!$B$8="الكل",$J6,IF('الداشبورد'!$B$8="AL","A","C"))) | U6: =--($I6=IF('الداشبورد'!$B$9="الكل",$I6,IF('الداشبورد'!$B$9="بدون حالة","P",'الداشبورد'!$B$9))) | V6: =--($D6=IF('الداشبورد'!$B$10="الكل",$D6,'الداشبورد'!$B$10)) | W6: =--($G6=IF('الداشبورد'!$B$11="الكل",$G6,'الداشبورد'!$B$11)) | X6: =Q6*R6*S6*T6*U6*V6*W6*--($C6<>"")
A7: 1 | B7: V184121 | C7: 1385/26/03 | D7: الشركة العربية للصناعة والتجارة الدولية | E7: LV | F7: 0.6/1 KV 3*240+120 | G7: EX04 | H7: Wooden Drums | I7: OK | J7: A | K7: N | L7: 1017 | M7: 2.234349 | N7: 0 | O7: 0 | P7: 2.234349 | Q7: =--($A7=IF('الداشبورد'!$B$5="الكل",$A7,'الداشبورد'!$B$5)) | R7: =--($E7=IF('الداشبورد'!$B$6="الكل",$E7,'الداشبورد'!$B$6)) | S7: =--($K7=IF('الداشبورد'!$B$7="الكل",$K7,IF('الداشبورد'!$B$7="تصدير","Y","N"))) | T7: =--($J7=IF('الداشبورد'!$B$8="الكل",$J7,IF('الداشبورد'!$B$8="AL","A","C"))) | U7: =--($I7=IF('الداشبورد'!$B$9="الكل",$I7,IF('الداشبورد'!$B$9="بدون حالة","P",'الداشبورد'!$B$9))) | V7: =--($D7=IF('الداشبورد'!$B$10="الكل",$D7,'الداشبورد'!$B$10)) | W7: =--($G7=IF('الداشبورد'!$B$11="الكل",$G7,'الداشبورد'!$B$11)) | X7: =Q7*R7*S7*T7*U7*V7*W7*--($C7<>"")
A8: 1 | B8: Q184237 | C8: 395/26/01 | D8: Eland Cables | E8: MV | F8: 6.35/11 KV 1X240 | G8: EX09 | H8: Wooden Drums | I8: Hold | J8: C | K8: Y | L8: 1610 | M8: 3.38422 | N8: 0 | O8: 0.58765 | P8: 3.97187 | Q8: =--($A8=IF('الداشبورد'!$B$5="الكل",$A8,'الداشبورد'!$B$5)) | R8: =--($E8=IF('الداشبورد'!$B$6="الكل",$E8,'الداشبورد'!$B$6)) | S8: =--($K8=IF('الداشبورد'!$B$7="الكل",$K8,IF('الداشبورد'!$B$7="تصدير","Y","N"))) | T8: =--($J8=IF('الداشبورد'!$B$8="الكل",$J8,IF('الداشبورد'!$B$8="AL","A","C"))) | U8: =--($I8=IF('الداشبورد'!$B$9="الكل",$I8,IF('الداشبورد'!$B$9="بدون حالة","P",'الداشبورد'!$B$9))) | V8: =--($D8=IF('الداشبورد'!$B$10="الكل",$D8,'الداشبورد'!$B$10)) | W8: =--($G8=IF('الداشبورد'!$B$11="الكل",$G8,'الداشبورد'!$B$11)) | X8: =Q8*R8*S8*T8*U8*V8*W8*--($C8<>"")
A9: 1 | B9: N182978 | C9: 1672/26/01 | D9: Sadacavi | E9: LV | F9: 1.8/3 KV 1X240 | G9: EX08 | H9: Wooden Drums | I9: OK | J9: A | K9: Y | L9: 2000 | M9: 1.252 | N9: 0 | O9: 0 | P9: 1.252 | Q9: =--($A9=IF('الداشبورد'!$B$5="الكل",$A9,'الداشبورد'!$B$5)) | R9: =--($E9=IF('الداشبورد'!$B$6="الكل",$E9,'الداشبورد'!$B$6)) | S9: =--($K9=IF('الداشبورد'!$B$7="الكل",$K9,IF('الداشبورد'!$B$7="تصدير","Y","N"))) | T9: =--($J9=IF('الداشبورد'!$B$8="الكل",$J9,IF('الداشبورد'!$B$8="AL","A","C"))) | U9: =--($I9=IF('الداشبورد'!$B$9="الكل",$I9,IF('الداشبورد'!$B$9="بدون حالة","P",'الداشبورد'!$B$9))) | V9: =--($D9=IF('الداشبورد'!$B$10="الكل",$D9,'الداشبورد'!$B$10)) | W9: =--($G9=IF('الداشبورد'!$B$11="الكل",$G9,'الداشبورد'!$B$11)) | X9: =Q9*R9*S9*T9*U9*V9*W9*--($C9<>"")
A10: 1 | B10: N184216 | C10: 1672/26/01 | D10: Sadacavi | E10: LV | F10: 1.8/3 KV 1X240 | G10: EX08 | H10: Wooden Drums | I10: OK | J10: A | K10: Y | L10: 2000 | M10: 1.252 | N10: 0 | O10: 0 | P10: 1.252 | Q10: =--($A10=IF('الداشبورد'!$B$5="الكل",$A10,'الداشبورد'!$B$5)) | R10: =--($E10=IF('الداشبورد'!$B$6="الكل",$E10,'الداشبورد'!$B$6)) | S10: =--($K10=IF('الداشبورد'!$B$7="الكل",$K10,IF('الداشبورد'!$B$7="تصدير","Y","N"))) | T10: =--($J10=IF('الداشبورد'!$B$8="الكل",$J10,IF('الداشبورد'!$B$8="AL","A","C"))) | U10: =--($I10=IF('الداشبورد'!$B$9="الكل",$I10,IF('الداشبورد'!$B$9="بدون حالة","P",'الداشبورد'!$B$9))) | V10: =--($D10=IF('الداشبورد'!$B$10="الكل",$D10,'الداشبورد'!$B$10)) | W10: =--($G10=IF('الداشبورد'!$B$11="الكل",$G10,'الداشبورد'!$B$11)) | X10: =Q10*R10*S10*T10*U10*V10*W10*--($C10<>"")
A11: 1 | B11: N184213 | C11: 1672/26/01 | D11: Sadacavi | E11: LV | F11: 1.8/3 KV 1X240 | G11: EX08 | H11: Wooden Drums | I11: OK | J11: A | K11: Y | L11: 2040 | M11: 1.27704 | N11: 0 | O11: 0 | P11: 1.27704 | Q11: =--($A11=IF('الداشبورد'!$B$5="الكل",$A11,'الداشبورد'!$B$5)) | R11: =--($E11=IF('الداشبورد'!$B$6="الكل",$E11,'الداشبورد'!$B$6)) | S11: =--($K11=IF('الداشبورد'!$B$7="الكل",$K11,IF('الداشبورد'!$B$7="تصدير","Y","N"))) | T11: =--($J11=IF('الداشبورد'!$B$8="الكل",$J11,IF('الداشبورد'!$B$8="AL","A","C"))) | U11: =--($I11=IF('الداشبورد'!$B$9="الكل",$I11,IF('الداشبورد'!$B$9="بدون حالة","P",'الداشبورد'!$B$9))) | V11: =--($D11=IF('الداشبورد'!$B$10="الكل",$D11,'الداشبورد'!$B$10)) | W11: =--($G11=IF('الداشبورد'!$B$11="الكل",$G11,'الداشبورد'!$B$11)) | X11: =Q11*R11*S11*T11*U11*V11*W11*--($C11<>"")
A12: 1 | B12: N184214 | C12: 1672/26/01 | D12: Sadacavi | E12: LV | F12: 1.8/3 KV 1X240 | G12: EX08 | H12: Wooden Drums | I12: OK | J12: A | K12: Y | L12: 2050 | M12: 1.2833 | N12: 0 | O12: 0 | P12: 1.2833 | Q12: =--($A12=IF('الداشبورد'!$B$5="الكل",$A12,'الداشبورد'!$B$5)) | R12: =--($E12=IF('الداشبورد'!$B$6="الكل",$E12,'الداشبورد'!$B$6)) | S12: =--($K12=IF('الداشبورد'!$B$7="الكل",$K12,IF('الداشبورد'!$B$7="تصدير","Y","N"))) | T12: =--($J12=IF('الداشبورد'!$B$8="الكل",$J12,IF('الداشبورد'!$B$8="AL","A","C"))) | U12: =--($I12=IF('الداشبورد'!$B$9="الكل",$I12,IF('الداشبورد'!$B$9="بدون حالة","P",'الداشبورد'!$B$9))) | V12: =--($D12=IF('الداشبورد'!$B$10="الكل",$D12,'الداشبورد'!$B$10)) | W12: =--($G12=IF('الداشبورد'!$B$11="الكل",$G12,'الداشبورد'!$B$11)) | X12: =Q12*R12*S12*T12*U12*V12*W12*--($C12<>"")
A13: 1 | B13: N184225 | C13: 1672/26/01 | D13: Sadacavi | E13: LV | F13: 1.8/3 KV 1X240 | G13: EX08 | H13: Wooden Drums | I13: OK | J13: A | K13: Y | L13: 2050 | M13: 1.2833 | N13: 0 | O13: 0 | P13: 1.2833 | Q13: =--($A13=IF('الداشبورد'!$B$5="الكل",$A13,'الداشبورد'!$B$5)) | R13: =--($E13=IF('الداشبورد'!$B$6="الكل",$E13,'الداشبورد'!$B$6)) | S13: =--($K13=IF('الداشبورد'!$B$7="الكل",$K13,IF('الداشبورد'!$B$7="تصدير","Y","N"))) | T13: =--($J13=IF('الداشبورد'!$B$8="الكل",$J13,IF('الداشبورد'!$B$8="AL","A","C"))) | U13: =--($I13=IF('الداشبورد'!$B$9="الكل",$I13,IF('الداشبورد'!$B$9="بدون حالة","P",'الداشبورد'!$B$9))) | V13: =--($D13=IF('الداشبورد'!$B$10="الكل",$D13,'الداشبورد'!$B$10)) | W13: =--($G13=IF('الداشبورد'!$B$11="الكل",$G13,'الداشبورد'!$B$11)) | X13: =Q13*R13*S13*T13*U13*V13*W13*--($C13<>"")
... A831: 5 | B831: V184976 | C831: 1853/26/01 | D831: شيماء محمد احمد عبدالمغيث | E831: MV | F831: 12/20KV 3X300 | G831: EX07 | H831: Wooden Drums | I831: OK | J831: A | K831: N | L831: 205 | M831: 0.48421 | N831: 0 | O831: 0 | P831: 0.48421 | Q831: =--($A831=IF('الداشبورد'!$B$5="الكل",$A831,'الداشبورد'!$B$5)) | R831: =--($E831=IF('الداشبورد'!$B$6="الكل",$E831,'الداشبورد'!$B$6)) | S831: =--($K831=IF('الداشبورد'!$B$7="الكل",$K831,IF('الداشبورد'!$B$7="تصدير","Y","N"))) | T831: =--($J831=IF('الداشبورد'!$B$8="الكل",$J831,IF('الداشبورد'!$B$8="AL","A","C"))) | U831: =--($I831=IF('الداشبورد'!$B$9="الكل",$I831,IF('الداشبورد'!$B$9="بدون حالة","P",'الداشبورد'!$B$9))) | V831: =--($D831=IF('الداشبورد'!$B$10="الكل",$D831,'الداشبورد'!$B$10)) | W831: =--($G831=IF('الداشبورد'!$B$11="الكل",$G831,'الداشبورد'!$B$11)) | X831: =Q831*R831*S831*T831*U831*V831*W831*--($C831<>"")
Q832: =--($A832=IF('الداشبورد'!$B$5="الكل",$A832,'الداشبورد'!$B$5)) | R832: =--($E832=IF('الداشبورد'!$B$6="الكل",$E832,'الداشبورد'!$B$6)) | S832: =--($K832=IF('الداشبورد'!$B$7="الكل",$K832,IF('الداشبورد'!$B$7="تصدير","Y","N"))) | T832: =--($J832=IF('الداشبورد'!$B$8="الكل",$J832,IF('الداشبورد'!$B$8="AL","A","C"))) | U832: =--($I832=IF('الداشبورد'!$B$9="الكل",$I832,IF('الداشبورد'!$B$9="بدون حالة","P",'الداشبورد'!$B$9))) | V832: =--($D832=IF('الداشبورد'!$B$10="الكل",$D832,'الداشبورد'!$B$10)) | W832: =--($G832=IF('الداشبورد'!$B$11="الكل",$G832,'الداشبورد'!$B$11)) | X832: =Q832*R832*S832*T832*U832*V832*W832*--($C832<>"")
Q833: =--($A833=IF('الداشبورد'!$B$5="الكل",$A833,'الداشبورد'!$B$5)) | R833: =--($E833=IF('الداشبورد'!$B$6="الكل",$E833,'الداشبورد'!$B$6)) | S833: =--($K833=IF('الداشبورد'!$B$7="الكل",$K833,IF('الداشبورد'!$B$7="تصدير","Y","N"))) | T833: =--($J833=IF('الداشبورد'!$B$8="الكل",$J833,IF('الداشبورد'!$B$8="AL","A","C"))) | U833: =--($I833=IF('الداشبورد'!$B$9="الكل",$I833,IF('الداشبورد'!$B$9="بدون حالة","P",'الداشبورد'!$B$9))) | V833: =--($D833=IF('الداشبورد'!$B$10="الكل",$D833,'الداشبورد'!$B$10)) | W833: =--($G833=IF('الداشبورد'!$B$11="الكل",$G833,'الداشبورد'!$B$11)) | X833: =Q833*R833*S833*T833*U833*V833*W833*--($C833<>"")
Q834: =--($A834=IF('الداشبورد'!$B$5="الكل",$A834,'الداشبورد'!$B$5)) | R834: =--($E834=IF('الداشبورد'!$B$6="الكل",$E834,'الداشبورد'!$B$6)) | S834: =--($K834=IF('الداشبورد'!$B$7="الكل",$K834,IF('الداشبورد'!$B$7="تصدير","Y","N"))) | T834: =--($J834=IF('الداشبورد'!$B$8="الكل",$J834,IF('الداشبورد'!$B$8="AL","A","C"))) | U834: =--($I834=IF('الداشبورد'!$B$9="الكل",$I834,IF('الداشبورد'!$B$9="بدون حالة","P",'الداشبورد'!$B$9))) | V834: =--($D834=IF('الداشبورد'!$B$10="الكل",$D834,'الداشبورد'!$B$10)) | W834: =--($G834=IF('الداشبورد'!$B$11="الكل",$G834,'الداشبورد'!$B$11)) | X834: =Q834*R834*S834*T834*U834*V834*W834*--($C834<>"")
Q835: =--($A835=IF('الداشبورد'!$B$5="الكل",$A835,'الداشبورد'!$B$5)) | R835: =--($E835=IF('الداشبورد'!$B$6="الكل",$E835,'الداشبورد'!$B$6)) | S835: =--($K835=IF('الداشبورد'!$B$7="الكل",$K835,IF('الداشبورد'!$B$7="تصدير","Y","N"))) | T835: =--($J835=IF('الداشبورد'!$B$8="الكل",$J835,IF('الداشبورد'!$B$8="AL","A","C"))) | U835: =--($I835=IF('الداشبورد'!$B$9="الكل",$I835,IF('الداشبورد'!$B$9="بدون حالة","P",'الداشبورد'!$B$9))) | V835: =--($D835=IF('الداشبورد'!$B$10="الكل",$D835,'الداشبورد'!$B$10)) | W835: =--($G835=IF('الداشبورد'!$B$11="الكل",$G835,'الداشبورد'!$B$11)) | X835: =Q835*R835*S835*T835*U835*V835*W835*--($C835<>"")
Q836: =--($A836=IF('الداشبورد'!$B$5="الكل",$A836,'الداشبورد'!$B$5)) | R836: =--($E836=IF('الداشبورد'!$B$6="الكل",$E836,'الداشبورد'!$B$6)) | S836: =--($K836=IF('الداشبورد'!$B$7="الكل",$K836,IF('الداشبورد'!$B$7="تصدير","Y","N"))) | T836: =--($J836=IF('الداشبورد'!$B$8="الكل",$J836,IF('الداشبورد'!$B$8="AL","A","C"))) | U836: =--($I836=IF('الداشبورد'!$B$9="الكل",$I836,IF('الداشبورد'!$B$9="بدون حالة","P",'الداشبورد'!$B$9))) | V836: =--($D836=IF('الداشبورد'!$B$10="الكل",$D836,'الداشبورد'!$B$10)) | W836: =--($G836=IF('الداشبورد'!$B$11="الكل",$G836,'الداشبورد'!$B$11)) | X836: =Q836*R836*S836*T836*U836*V836*W836*--($C836<>"")
Q837: =--($A837=IF('الداشبورد'!$B$5="الكل",$A837,'الداشبورد'!$B$5)) | R837: =--($E837=IF('الداشبورد'!$B$6="الكل",$E837,'الداشبورد'!$B$6)) | S837: =--($K837=IF('الداشبورد'!$B$7="الكل",$K837,IF('الداشبورد'!$B$7="تصدير","Y","N"))) | T837: =--($J837=IF('الداشبورد'!$B$8="الكل",$J837,IF('الداشبورد'!$B$8="AL","A","C"))) | U837: =--($I837=IF('الداشبورد'!$B$9="الكل",$I837,IF('الداشبورد'!$B$9="بدون حالة","P",'الداشبورد'!$B$9))) | V837: =--($D837=IF('الداشبورد'!$B$10="الكل",$D837,'الداشبورد'!$B$10)) | W837: =--($G837=IF('الداشبورد'!$B$11="الكل",$G837,'الداشبورد'!$B$11)) | X837: =Q837*R837*S837*T837*U837*V837*W837*--($C837<>"")
Q838: =--($A838=IF('الداشبورد'!$B$5="الكل",$A838,'الداشبورد'!$B$5)) | R838: =--($E838=IF('الداشبورد'!$B$6="الكل",$E838,'الداشبورد'!$B$6)) | S838: =--($K838=IF('الداشبورد'!$B$7="الكل",$K838,IF('الداشبورد'!$B$7="تصدير","Y","N"))) | T838: =--($J838=IF('الداشبورد'!$B$8="الكل",$J838,IF('الداشبورد'!$B$8="AL","A","C"))) | U838: =--($I838=IF('الداشبورد'!$B$9="الكل",$I838,IF('الداشبورد'!$B$9="بدون حالة","P",'الداشبورد'!$B$9))) | V838: =--($D838=IF('الداشبورد'!$B$10="الكل",$D838,'الداشبورد'!$B$10)) | W838: =--($G838=IF('الداشبورد'!$B$11="الكل",$G838,'الداشبورد'!$B$11)) | X838: =Q838*R838*S838*T838*U838*V838*W838*--($C838<>"")
Q839: =--($A839=IF('الداشبورد'!$B$5="الكل",$A839,'الداشبورد'!$B$5)) | R839: =--($E839=IF('الداشبورد'!$B$6="الكل",$E839,'الداشبورد'!$B$6)) | S839: =--($K839=IF('الداشبورد'!$B$7="الكل",$K839,IF('الداشبورد'!$B$7="تصدير","Y","N"))) | T839: =--($J839=IF('الداشبورد'!$B$8="الكل",$J839,IF('الداشبورد'!$B$8="AL","A","C"))) | U839: =--($I839=IF('الداشبورد'!$B$9="الكل",$I839,IF('الداشبورد'!$B$9="بدون حالة","P",'الداشبورد'!$B$9))) | V839: =--($D839=IF('الداشبورد'!$B$10="الكل",$D839,'الداشبورد'!$B$10)) | W839: =--($G839=IF('الداشبورد'!$B$11="الكل",$G839,'الداشبورد'!$B$11)) | X839: =Q839*R839*S839*T839*U839*V839*W839*--($C839<>"")
Q840: =--($A840=IF('الداشبورد'!$B$5="الكل",$A840,'الداشبورد'!$B$5)) | R840: =--($E840=IF('الداشبورد'!$B$6="الكل",$E840,'الداشبورد'!$B$6)) | S840: =--($K840=IF('الداشبورد'!$B$7="الكل",$K840,IF('الداشبورد'!$B$7="تصدير","Y","N"))) | T840: =--($J840=IF('الداشبورد'!$B$8="الكل",$J840,IF('الداشبورد'!$B$8="AL","A","C"))) | U840: =--($I840=IF('الداشبورد'!$B$9="الكل",$I840,IF('الداشبورد'!$B$9="بدون حالة","P",'الداشبورد'!$B$9))) | V840: =--($D840=IF('الداشبورد'!$B$10="الكل",$D840,'الداشبورد'!$B$10)) | W840: =--($G840=IF('الداشبورد'!$B$11="الكل",$G840,'الداشبورد'!$B$11)) | X840: =Q840*R840*S840*T840*U840*V840*W840*--($C840<>"")
Q841: =--($A841=IF('الداشبورد'!$B$5="الكل",$A841,'الداشبورد'!$B$5)) | R841: =--($E841=IF('الداشبورد'!$B$6="الكل",$E841,'الداشبورد'!$B$6)) | S841: =--($K841=IF('الداشبورد'!$B$7="الكل",$K841,IF('الداشبورد'!$B$7="تصدير","Y","N"))) | T841: =--($J841=IF('الداشبورد'!$B$8="الكل",$J841,IF('الداشبورد'!$B$8="AL","A","C"))) | U841: =--($I841=IF('الداشبورد'!$B$9="الكل",$I841,IF('الداشبورد'!$B$9="بدون حالة","P",'الداشبورد'!$B$9))) | V841: =--($D841=IF('الداشبورد'!$B$10="الكل",$D841,'الداشبورد'!$B$10)) | W841: =--($G841=IF('الداشبورد'!$B$11="الكل",$G841,'الداشبورد'!$B$11)) | X841: =Q841*R841*S841*T841*U841*V841*W841*--($C841<>"")
Q842: =--($A842=IF('الداشبورد'!$B$5="الكل",$A842,'الداشبورد'!$B$5)) | R842: =--($E842=IF('الداشبورد'!$B$6="الكل",$E842,'الداشبورد'!$B$6)) | S842: =--($K842=IF('الداشبورد'!$B$7="الكل",$K842,IF('الداشبورد'!$B$7="تصدير","Y","N"))) | T842: =--($J842=IF('الداشبورد'!$B$8="الكل",$J842,IF('الداشبورد'!$B$8="AL","A","C"))) | U842: =--($I842=IF('الداشبورد'!$B$9="الكل",$I842,IF('الداشبورد'!$B$9="بدون حالة","P",'الداشبورد'!$B$9))) | V842: =--($D842=IF('الداشبورد'!$B$10="الكل",$D842,'الداشبورد'!$B$10)) | W842: =--($G842=IF('الداشبورد'!$B$11="الكل",$G842,'الداشبورد'!$B$11)) | X842: =Q842*R842*S842*T842*U842*V842*W842*--($C842<>"")
Q843: =--($A843=IF('الداشبورد'!$B$5="الكل",$A843,'الداشبورد'!$B$5)) | R843: =--($E843=IF('الداشبورد'!$B$6="الكل",$E843,'الداشبورد'!$B$6)) | S843: =--($K843=IF('الداشبورد'!$B$7="الكل",$K843,IF('الداشبورد'!$B$7="تصدير","Y","N"))) | T843: =--($J843=IF('الداشبورد'!$B$8="الكل",$J843,IF('الداشبورد'!$B$8="AL","A","C"))) | U843: =--($I843=IF('الداشبورد'!$B$9="الكل",$I843,IF('الداشبورد'!$B$9="بدون حالة","P",'الداشبورد'!$B$9))) | V843: =--($D843=IF('الداشبورد'!$B$10="الكل",$D843,'الداشبورد'!$B$10)) | W843: =--($G843=IF('الداشبورد'!$B$11="الكل",$G843,'الداشبورد'!$B$11)) | X843: =Q843*R843*S843*T843*U843*V843*W843*--($C843<>"")
... Q2001: =--($A2001=IF('الداشبورد'!$B$5="الكل",$A2001,'الداشبورد'!$B$5)) | R2001: =--($E2001=IF('الداشبورد'!$B$6="الكل",$E2001,'الداشبورد'!$B$6)) | S2001: =--($K2001=IF('الداشبورد'!$B$7="الكل",$K2001,IF('الداشبورد'!$B$7="تصدير","Y","N"))) | T2001: =--($J2001=IF('الداشبورد'!$B$8="الكل",$J2001,IF('الداشبورد'!$B$8="AL","A","C"))) | U2001: =--($I2001=IF('الداشبورد'!$B$9="الكل",$I2001,IF('الداشبورد'!$B$9="بدون حالة","P",'الداشبورد'!$B$9))) | V2001: =--($D2001=IF('الداشبورد'!$B$10="الكل",$D2001,'الداشبورد'!$B$10)) | W2001: =--($G2001=IF('الداشبورد'!$B$11="الكل",$G2001,'الداشبورد'!$B$11)) | X2001: =Q2001*R2001*S2001*T2001*U2001*V2001*W2001*--($C2001<>"")

Sheet حسابات
A1: اليوم | B1: إجمالي اليوم | C1: Power | D1: Telecom | E1: تراكمي فعلي | F1: تراكمي الخطة | H1: العائلة | I1: طن | L1: المادة | M1: طن | P1: السوق | Q1: طن | T1: حالة QC | U1: طرود | X1: العميل | Y1: طن | AB1: الماكينة | AC1: طن
A2: 1 | B2: =SUMPRODUCT('البيانات'!$X$2:$X$2001,--('البيانات'!$A$2:$A$2001=$A2),'البيانات'!$P$2:$P$2001) | C2: =SUMPRODUCT('البيانات'!$X$2:$X$2001,--('البيانات'!$A$2:$A$2001=$A2),--((('البيانات'!$E$2:$E$2001="LV")+('البيانات'!$E$2:$E$2001="MV")+('البيانات'!$E$2:$E$2001="HV")+('البيانات'!$E$2:$E$2001="OH"))>0),'البيانات'!$P$2:$P$2001) | D2: =$B2-$C2 | E2: =SUM($B$2:$B2) | F2: =IF('الخطة'!$B$1>0,'الخطة'!$B$1/'الخطة'!$B$4*$A2,0) | H2: MV | I2: =SUMPRODUCT('البيانات'!$X$2:$X$2001,--('البيانات'!$E$2:$E$2001=$H2),'البيانات'!$P$2:$P$2001) | L2: AL ألومنيوم | M2: =SUMPRODUCT('البيانات'!$X$2:$X$2001,--('البيانات'!$J$2:$J$2001="A"),'البيانات'!$M$2:$M$2001) | P2: تصدير | Q2: =SUMPRODUCT('البيانات'!$X$2:$X$2001,--('البيانات'!$K$2:$K$2001="Y"),'البيانات'!$P$2:$P$2001) | T2: OK | U2: =SUMPRODUCT('البيانات'!$X$2:$X$2001,--('البيانات'!$I$2:$I$2001="OK")) | X2: الشركة العربية للصناعة والتجارة الدولية | Y2: =SUMPRODUCT('البيانات'!$X$2:$X$2001,--('البيانات'!$D$2:$D$2001=$X2),'البيانات'!$P$2:$P$2001) | AB2: EX13 | AC2: =SUMPRODUCT('البيانات'!$X$2:$X$2001,--('البيانات'!$G$2:$G$2001=$AB2),'البيانات'!$P$2:$P$2001)
A3: 2 | B3: =SUMPRODUCT('البيانات'!$X$2:$X$2001,--('البيانات'!$A$2:$A$2001=$A3),'البيانات'!$P$2:$P$2001) | C3: =SUMPRODUCT('البيانات'!$X$2:$X$2001,--('البيانات'!$A$2:$A$2001=$A3),--((('البيانات'!$E$2:$E$2001="LV")+('البيانات'!$E$2:$E$2001="MV")+('البيانات'!$E$2:$E$2001="HV")+('البيانات'!$E$2:$E$2001="OH"))>0),'البيانات'!$P$2:$P$2001) | D3: =$B3-$C3 | E3: =SUM($B$2:$B3) | F3: =IF('الخطة'!$B$1>0,'الخطة'!$B$1/'الخطة'!$B$4*$A3,0) | H3: LV | I3: =SUMPRODUCT('البيانات'!$X$2:$X$2001,--('البيانات'!$E$2:$E$2001=$H3),'البيانات'!$P$2:$P$2001) | L3: CU نحاس | M3: =SUMPRODUCT('البيانات'!$X$2:$X$2001,--('البيانات'!$J$2:$J$2001="C"),'البيانات'!$M$2:$M$2001) | P3: محلي | Q3: =SUMPRODUCT('البيانات'!$X$2:$X$2001,--('البيانات'!$K$2:$K$2001="N"),'البيانات'!$P$2:$P$2001) | T3: Hold | U3: =SUMPRODUCT('البيانات'!$X$2:$X$2001,--('البيانات'!$I$2:$I$2001="Hold")) | X3: Eland Cables | Y3: =SUMPRODUCT('البيانات'!$X$2:$X$2001,--('البيانات'!$D$2:$D$2001=$X3),'البيانات'!$P$2:$P$2001) | AB3: EX03 | AC3: =SUMPRODUCT('البيانات'!$X$2:$X$2001,--('البيانات'!$G$2:$G$2001=$AB3),'البيانات'!$P$2:$P$2001)
A4: 3 | B4: =SUMPRODUCT('البيانات'!$X$2:$X$2001,--('البيانات'!$A$2:$A$2001=$A4),'البيانات'!$P$2:$P$2001) | C4: =SUMPRODUCT('البيانات'!$X$2:$X$2001,--('البيانات'!$A$2:$A$2001=$A4),--((('البيانات'!$E$2:$E$2001="LV")+('البيانات'!$E$2:$E$2001="MV")+('البيانات'!$E$2:$E$2001="HV")+('البيانات'!$E$2:$E$2001="OH"))>0),'البيانات'!$P$2:$P$2001) | D4: =$B4-$C4 | E4: =SUM($B$2:$B4) | F4: =IF('الخطة'!$B$1>0,'الخطة'!$B$1/'الخطة'!$B$4*$A4,0) | H4: HV | I4: =SUMPRODUCT('البيانات'!$X$2:$X$2001,--('البيانات'!$E$2:$E$2001=$H4),'البيانات'!$P$2:$P$2001) | L4: Screen | M4: =SUMPRODUCT('البيانات'!$X$2:$X$2001,'البيانات'!$N$2:$N$2001) | T4: بدون حالة | U4: =SUMPRODUCT('البيانات'!$X$2:$X$2001,--('البيانات'!$I$2:$I$2001="P")) | X4: شركة مصر العليا لتوزيع الكهرباء | Y4: =SUMPRODUCT('البيانات'!$X$2:$X$2001,--('البيانات'!$D$2:$D$2001=$X4),'البيانات'!$P$2:$P$2001) | AB4: EX04 | AC4: =SUMPRODUCT('البيانات'!$X$2:$X$2001,--('البيانات'!$G$2:$G$2001=$AB4),'البيانات'!$P$2:$P$2001)
A5: 4 | B5: =SUMPRODUCT('البيانات'!$X$2:$X$2001,--('البيانات'!$A$2:$A$2001=$A5),'البيانات'!$P$2:$P$2001) | C5: =SUMPRODUCT('البيانات'!$X$2:$X$2001,--('البيانات'!$A$2:$A$2001=$A5),--((('البيانات'!$E$2:$E$2001="LV")+('البيانات'!$E$2:$E$2001="MV")+('البيانات'!$E$2:$E$2001="HV")+('البيانات'!$E$2:$E$2001="OH"))>0),'البيانات'!$P$2:$P$2001) | D5: =$B5-$C5 | E5: =SUM($B$2:$B5) | F5: =IF('الخطة'!$B$1>0,'الخطة'!$B$1/'الخطة'!$B$4*$A5,0) | H5: OH | I5: =SUMPRODUCT('البيانات'!$X$2:$X$2001,--('البيانات'!$E$2:$E$2001=$H5),'البيانات'!$P$2:$P$2001) | L5: Armour | M5: =SUMPRODUCT('البيانات'!$X$2:$X$2001,'البيانات'!$O$2:$O$2001) | X5: Faber Kabel | Y5: =SUMPRODUCT('البيانات'!$X$2:$X$2001,--('البيانات'!$D$2:$D$2001=$X5),'البيانات'!$P$2:$P$2001) | AB5: EX06 | AC5: =SUMPRODUCT('البيانات'!$X$2:$X$2001,--('البيانات'!$G$2:$G$2001=$AB5),'البيانات'!$P$2:$P$2001)
A6: 5 | B6: =SUMPRODUCT('البيانات'!$X$2:$X$2001,--('البيانات'!$A$2:$A$2001=$A6),'البيانات'!$P$2:$P$2001) | C6: =SUMPRODUCT('البيانات'!$X$2:$X$2001,--('البيانات'!$A$2:$A$2001=$A6),--((('البيانات'!$E$2:$E$2001="LV")+('البيانات'!$E$2:$E$2001="MV")+('البيانات'!$E$2:$E$2001="HV")+('البيانات'!$E$2:$E$2001="OH"))>0),'البيانات'!$P$2:$P$2001) | D6: =$B6-$C6 | E6: =SUM($B$2:$B6) | F6: =IF('الخطة'!$B$1>0,'الخطة'!$B$1/'الخطة'!$B$4*$A6,0) | H6: BC | I6: =SUMPRODUCT('البيانات'!$X$2:$X$2001,--('البيانات'!$E$2:$E$2001=$H6),'البيانات'!$P$2:$P$2001) | X6: Vigo trgovina d.o.o. | Y6: =SUMPRODUCT('البيانات'!$X$2:$X$2001,--('البيانات'!$D$2:$D$2001=$X6),'البيانات'!$P$2:$P$2001) | AB6: EX07 | AC6: =SUMPRODUCT('البيانات'!$X$2:$X$2001,--('البيانات'!$G$2:$G$2001=$AB6),'البيانات'!$P$2:$P$2001)
A7: 6 | B7: =SUMPRODUCT('البيانات'!$X$2:$X$2001,--('البيانات'!$A$2:$A$2001=$A7),'البيانات'!$P$2:$P$2001) | C7: =SUMPRODUCT('البيانات'!$X$2:$X$2001,--('البيانات'!$A$2:$A$2001=$A7),--((('البيانات'!$E$2:$E$2001="LV")+('البيانات'!$E$2:$E$2001="MV")+('البيانات'!$E$2:$E$2001="HV")+('البيانات'!$E$2:$E$2001="OH"))>0),'البيانات'!$P$2:$P$2001) | D7: =$B7-$C7 | E7: =SUM($B$2:$B7) | F7: =IF('الخطة'!$B$1>0,'الخطة'!$B$1/'الخطة'!$B$4*$A7,0) | H7: CC | I7: =SUMPRODUCT('البيانات'!$X$2:$X$2001,--('البيانات'!$E$2:$E$2001=$H7),'البيانات'!$P$2:$P$2001) | X7: INSELL | Y7: =SUMPRODUCT('البيانات'!$X$2:$X$2001,--('البيانات'!$D$2:$D$2001=$X7),'البيانات'!$P$2:$P$2001) | AB7: EX09 | AC7: =SUMPRODUCT('البيانات'!$X$2:$X$2001,--('البيانات'!$G$2:$G$2001=$AB7),'البيانات'!$P$2:$P$2001)
A8: 7 | B8: =SUMPRODUCT('البيانات'!$X$2:$X$2001,--('البيانات'!$A$2:$A$2001=$A8),'البيانات'!$P$2:$P$2001) | C8: =SUMPRODUCT('البيانات'!$X$2:$X$2001,--('البيانات'!$A$2:$A$2001=$A8),--((('البيانات'!$E$2:$E$2001="LV")+('البيانات'!$E$2:$E$2001="MV")+('البيانات'!$E$2:$E$2001="HV")+('البيانات'!$E$2:$E$2001="OH"))>0),'البيانات'!$P$2:$P$2001) | D8: =$B8-$C8 | E8: =SUM($B$2:$B8) | F8: =IF('الخطة'!$B$1>0,'الخطة'!$B$1/'الخطة'!$B$4*$A8,0) | H8: IC | I8: =SUMPRODUCT('البيانات'!$X$2:$X$2001,--('البيانات'!$E$2:$E$2001=$H8),'البيانات'!$P$2:$P$2001) | X8: Sadacavi | Y8: =SUMPRODUCT('البيانات'!$X$2:$X$2001,--('البيانات'!$D$2:$D$2001=$X8),'البيانات'!$P$2:$P$2001) | AB8: EX05 | AC8: =SUMPRODUCT('البيانات'!$X$2:$X$2001,--('البيانات'!$G$2:$G$2001=$AB8),'البيانات'!$P$2:$P$2001)
A9: 8 | B9: =SUMPRODUCT('البيانات'!$X$2:$X$2001,--('البيانات'!$A$2:$A$2001=$A9),'البيانات'!$P$2:$P$2001) | C9: =SUMPRODUCT('البيانات'!$X$2:$X$2001,--('البيانات'!$A$2:$A$2001=$A9),--((('البيانات'!$E$2:$E$2001="LV")+('البيانات'!$E$2:$E$2001="MV")+('البيانات'!$E$2:$E$2001="HV")+('البيانات'!$E$2:$E$2001="OH"))>0),'البيانات'!$P$2:$P$2001) | D9: =$B9-$C9 | E9: =SUM($B$2:$B9) | F9: =IF('الخطة'!$B$1>0,'الخطة'!$B$1/'الخطة'!$B$4*$A9,0) | X9: Helal Elsewedy | Y9: =SUMPRODUCT('البيانات'!$X$2:$X$2001,--('البيانات'!$D$2:$D$2001=$X9),'البيانات'!$P$2:$P$2001) | AB9: EX01 | AC9: =SUMPRODUCT('البيانات'!$X$2:$X$2001,--('البيانات'!$G$2:$G$2001=$AB9),'البيانات'!$P$2:$P$2001)
A10: 9 | B10: =SUMPRODUCT('البيانات'!$X$2:$X$2001,--('البيانات'!$A$2:$A$2001=$A10),'البيانات'!$P$2:$P$2001) | C10: =SUMPRODUCT('البيانات'!$X$2:$X$2001,--('البيانات'!$A$2:$A$2001=$A10),--((('البيانات'!$E$2:$E$2001="LV")+('البيانات'!$E$2:$E$2001="MV")+('البيانات'!$E$2:$E$2001="HV")+('البيانات'!$E$2:$E$2001="OH"))>0),'البيانات'!$P$2:$P$2001) | D10: =$B10-$C10 | E10: =SUM($B$2:$B10) | F10: =IF('الخطة'!$B$1>0,'الخطة'!$B$1/'الخطة'!$B$4*$A10,0) | X10: Electrical Supplies & Services LTD. | Y10: =SUMPRODUCT('البيانات'!$X$2:$X$2001,--('البيانات'!$D$2:$D$2001=$X10),'البيانات'!$P$2:$P$2001) | AB10: EX14 | AC10: =SUMPRODUCT('البيانات'!$X$2:$X$2001,--('البيانات'!$G$2:$G$2001=$AB10),'البيانات'!$P$2:$P$2001)
A11: 10 | B11: =SUMPRODUCT('البيانات'!$X$2:$X$2001,--('البيانات'!$A$2:$A$2001=$A11),'البيانات'!$P$2:$P$2001) | C11: =SUMPRODUCT('البيانات'!$X$2:$X$2001,--('البيانات'!$A$2:$A$2001=$A11),--((('البيانات'!$E$2:$E$2001="LV")+('البيانات'!$E$2:$E$2001="MV")+('البيانات'!$E$2:$E$2001="HV")+('البيانات'!$E$2:$E$2001="OH"))>0),'البيانات'!$P$2:$P$2001) | D11: =$B11-$C11 | E11: =SUM($B$2:$B11) | F11: =IF('الخطة'!$B$1>0,'الخطة'!$B$1/'الخطة'!$B$4*$A11,0) | X11: Energya Power & Telecom Solutions | Y11: =SUMPRODUCT('البيانات'!$X$2:$X$2001,--('البيانات'!$D$2:$D$2001=$X11),'البيانات'!$P$2:$P$2001) | AB11: RW01 | AC11: =SUMPRODUCT('البيانات'!$X$2:$X$2001,--('البيانات'!$G$2:$G$2001=$AB11),'البيانات'!$P$2:$P$2001)
A12: 11 | B12: =SUMPRODUCT('البيانات'!$X$2:$X$2001,--('البيانات'!$A$2:$A$2001=$A12),'البيانات'!$P$2:$P$2001) | C12: =SUMPRODUCT('البيانات'!$X$2:$X$2001,--('البيانات'!$A$2:$A$2001=$A12),--((('البيانات'!$E$2:$E$2001="LV")+('البيانات'!$E$2:$E$2001="MV")+('البيانات'!$E$2:$E$2001="HV")+('البيانات'!$E$2:$E$2001="OH"))>0),'البيانات'!$P$2:$P$2001) | D12: =$B12-$C12 | E12: =SUM($B$2:$B12) | F12: =IF('الخطة'!$B$1>0,'الخطة'!$B$1/'الخطة'!$B$4*$A12,0) | X12: Helukabel Germany | Y12: =SUMPRODUCT('البيانات'!$X$2:$X$2001,--('البيانات'!$D$2:$D$2001=$X12),'البيانات'!$P$2:$P$2001)
A13: 12 | B13: =SUMPRODUCT('البيانات'!$X$2:$X$2001,--('البيانات'!$A$2:$A$2001=$A13),'البيانات'!$P$2:$P$2001) | C13: =SUMPRODUCT('البيانات'!$X$2:$X$2001,--('البيانات'!$A$2:$A$2001=$A13),--((('البيانات'!$E$2:$E$2001="LV")+('البيانات'!$E$2:$E$2001="MV")+('البيانات'!$E$2:$E$2001="HV")+('البيانات'!$E$2:$E$2001="OH"))>0),'البيانات'!$P$2:$P$2001) | D13: =$B13-$C13 | E13: =SUM($B$2:$B13) | F13: =IF('الخطة'!$B$1>0,'الخطة'!$B$1/'الخطة'!$B$4*$A13,0) | X13: Cleveland Cables Company | Y13: =SUMPRODUCT('البيانات'!$X$2:$X$2001,--('البيانات'!$D$2:$D$2001=$X13),'البيانات'!$P$2:$P$2001)
A14: 13 | B14: =SUMPRODUCT('البيانات'!$X$2:$X$2001,--('البيانات'!$A$2:$A$2001=$A14),'البيانات'!$P$2:$P$2001) | C14: =SUMPRODUCT('البيانات'!$X$2:$X$2001,--('البيانات'!$A$2:$A$2001=$A14),--((('البيانات'!$E$2:$E$2001="LV")+('البيانات'!$E$2:$E$2001="MV")+('البيانات'!$E$2:$E$2001="HV")+('البيانات'!$E$2:$E$2001="OH"))>0),'البيانات'!$P$2:$P$2001) | D14: =$B14-$C14 | E14: =SUM($B$2:$B14) | F14: =IF('الخطة'!$B$1>0,'الخطة'!$B$1/'الخطة'!$B$4*$A14,0)
A15: 14 | B15: =SUMPRODUCT('البيانات'!$X$2:$X$2001,--('البيانات'!$A$2:$A$2001=$A15),'البيانات'!$P$2:$P$2001) | C15: =SUMPRODUCT('البيانات'!$X$2:$X$2001,--('البيانات'!$A$2:$A$2001=$A15),--((('البيانات'!$E$2:$E$2001="LV")+('البيانات'!$E$2:$E$2001="MV")+('البيانات'!$E$2:$E$2001="HV")+('البيانات'!$E$2:$E$2001="OH"))>0),'البيانات'!$P$2:$P$2001) | D15: =$B15-$C15 | E15: =SUM($B$2:$B15) | F15: =IF('الخطة'!$B$1>0,'الخطة'!$B$1/'الخطة'!$B$4*$A15,0)
A16: 15 | B16: =SUMPRODUCT('البيانات'!$X$2:$X$2001,--('البيانات'!$A$2:$A$2001=$A16),'البيانات'!$P$2:$P$2001) | C16: =SUMPRODUCT('البيانات'!$X$2:$X$2001,--('البيانات'!$A$2:$A$2001=$A16),--((('البيانات'!$E$2:$E$2001="LV")+('البيانات'!$E$2:$E$2001="MV")+('البيانات'!$E$2:$E$2001="HV")+('البيانات'!$E$2:$E$2001="OH"))>0),'البيانات'!$P$2:$P$2001) | D16: =$B16-$C16 | E16: =SUM($B$2:$B16) | F16: =IF('الخطة'!$B$1>0,'الخطة'!$B$1/'الخطة'!$B$4*$A16,0)
A17: 16 | B17: =SUMPRODUCT('البيانات'!$X$2:$X$2001,--('البيانات'!$A$2:$A$2001=$A17),'البيانات'!$P$2:$P$2001) | C17: =SUMPRODUCT('البيانات'!$X$2:$X$2001,--('البيانات'!$A$2:$A$2001=$A17),--((('البيانات'!$E$2:$E$2001="LV")+('البيانات'!$E$2:$E$2001="MV")+('البيانات'!$E$2:$E$2001="HV")+('البيانات'!$E$2:$E$2001="OH"))>0),'البيانات'!$P$2:$P$2001) | D17: =$B17-$C17 | E17: =SUM($B$2:$B17) | F17: =IF('الخطة'!$B$1>0,'الخطة'!$B$1/'الخطة'!$B$4*$A17,0)
A18: 17 | B18: =SUMPRODUCT('البيانات'!$X$2:$X$2001,--('البيانات'!$A$2:$A$2001=$A18),'البيانات'!$P$2:$P$2001) | C18: =SUMPRODUCT('البيانات'!$X$2:$X$2001,--('البيانات'!$A$2:$A$2001=$A18),--((('البيانات'!$E$2:$E$2001="LV")+('البيانات'!$E$2:$E$2001="MV")+('البيانات'!$E$2:$E$2001="HV")+('البيانات'!$E$2:$E$2001="OH"))>0),'البيانات'!$P$2:$P$2001) | D18: =$B18-$C18 | E18: =SUM($B$2:$B18) | F18: =IF('الخطة'!$B$1>0,'الخطة'!$B$1/'الخطة'!$B$4*$A18,0)
A19: 18 | B19: =SUMPRODUCT('البيانات'!$X$2:$X$2001,--('البيانات'!$A$2:$A$2001=$A19),'البيانات'!$P$2:$P$2001) | C19: =SUMPRODUCT('البيانات'!$X$2:$X$2001,--('البيانات'!$A$2:$A$2001=$A19),--((('البيانات'!$E$2:$E$2001="LV")+('البيانات'!$E$2:$E$2001="MV")+('البيانات'!$E$2:$E$2001="HV")+('البيانات'!$E$2:$E$2001="OH"))>0),'البيانات'!$P$2:$P$2001) | D19: =$B19-$C19 | E19: =SUM($B$2:$B19) | F19: =IF('الخطة'!$B$1>0,'الخطة'!$B$1/'الخطة'!$B$4*$A19,0)
A20: 19 | B20: =SUMPRODUCT('البيانات'!$X$2:$X$2001,--('البيانات'!$A$2:$A$2001=$A20),'البيانات'!$P$2:$P$2001) | C20: =SUMPRODUCT('البيانات'!$X$2:$X$2001,--('البيانات'!$A$2:$A$2001=$A20),--((('البيانات'!$E$2:$E$2001="LV")+('البيانات'!$E$2:$E$2001="MV")+('البيانات'!$E$2:$E$2001="HV")+('البيانات'!$E$2:$E$2001="OH"))>0),'البيانات'!$P$2:$P$2001) | D20: =$B20-$C20 | E20: =SUM($B$2:$B20) | F20: =IF('الخطة'!$B$1>0,'الخطة'!$B$1/'الخطة'!$B$4*$A20,0)
A21: 20 | B21: =SUMPRODUCT('البيانات'!$X$2:$X$2001,--('البيانات'!$A$2:$A$2001=$A21),'البيانات'!$P$2:$P$2001) | C21: =SUMPRODUCT('البيانات'!$X$2:$X$2001,--('البيانات'!$A$2:$A$2001=$A21),--((('البيانات'!$E$2:$E$2001="LV")+('البيانات'!$E$2:$E$2001="MV")+('البيانات'!$E$2:$E$2001="HV")+('البيانات'!$E$2:$E$2001="OH"))>0),'البيانات'!$P$2:$P$2001) | D21: =$B21-$C21 | E21: =SUM($B$2:$B21) | F21: =IF('الخطة'!$B$1>0,'الخطة'!$B$1/'الخطة'!$B$4*$A21,0)
A22: 21 | B22: =SUMPRODUCT('البيانات'!$X$2:$X$2001,--('البيانات'!$A$2:$A$2001=$A22),'البيانات'!$P$2:$P$2001) | C22: =SUMPRODUCT('البيانات'!$X$2:$X$2001,--('البيانات'!$A$2:$A$2001=$A22),--((('البيانات'!$E$2:$E$2001="LV")+('البيانات'!$E$2:$E$2001="MV")+('البيانات'!$E$2:$E$2001="HV")+('البيانات'!$E$2:$E$2001="OH"))>0),'البيانات'!$P$2:$P$2001) | D22: =$B22-$C22 | E22: =SUM($B$2:$B22) | F22: =IF('الخطة'!$B$1>0,'الخطة'!$B$1/'الخطة'!$B$4*$A22,0)
A23: 22 | B23: =SUMPRODUCT('البيانات'!$X$2:$X$2001,--('البيانات'!$A$2:$A$2001=$A23),'البيانات'!$P$2:$P$2001) | C23: =SUMPRODUCT('البيانات'!$X$2:$X$2001,--('البيانات'!$A$2:$A$2001=$A23),--((('البيانات'!$E$2:$E$2001="LV")+('البيانات'!$E$2:$E$2001="MV")+('البيانات'!$E$2:$E$2001="HV")+('البيانات'!$E$2:$E$2001="OH"))>0),'البيانات'!$P$2:$P$2001) | D23: =$B23-$C23 | E23: =SUM($B$2:$B23) | F23: =IF('الخطة'!$B$1>0,'الخطة'!$B$1/'الخطة'!$B$4*$A23,0)
A24: 23 | B24: =SUMPRODUCT('البيانات'!$X$2:$X$2001,--('البيانات'!$A$2:$A$2001=$A24),'البيانات'!$P$2:$P$2001) | C24: =SUMPRODUCT('البيانات'!$X$2:$X$2001,--('البيانات'!$A$2:$A$2001=$A24),--((('البيانات'!$E$2:$E$2001="LV")+('البيانات'!$E$2:$E$2001="MV")+('البيانات'!$E$2:$E$2001="HV")+('البيانات'!$E$2:$E$2001="OH"))>0),'البيانات'!$P$2:$P$2001) | D24: =$B24-$C24 | E24: =SUM($B$2:$B24) | F24: =IF('الخطة'!$B$1>0,'الخطة'!$B$1/'الخطة'!$B$4*$A24,0)
A25: 24 | B25: =SUMPRODUCT('البيانات'!$X$2:$X$2001,--('البيانات'!$A$2:$A$2001=$A25),'البيانات'!$P$2:$P$2001) | C25: =SUMPRODUCT('البيانات'!$X$2:$X$2001,--('البيانات'!$A$2:$A$2001=$A25),--((('البيانات'!$E$2:$E$2001="LV")+('البيانات'!$E$2:$E$2001="MV")+('البيانات'!$E$2:$E$2001="HV")+('البيانات'!$E$2:$E$2001="OH"))>0),'البيانات'!$P$2:$P$2001) | D25: =$B25-$C25 | E25: =SUM($B$2:$B25) | F25: =IF('الخطة'!$B$1>0,'الخطة'!$B$1/'الخطة'!$B$4*$A25,0)
... A32: 31 | B32: =SUMPRODUCT('البيانات'!$X$2:$X$2001,--('البيانات'!$A$2:$A$2001=$A32),'البيانات'!$P$2:$P$2001) | C32: =SUMPRODUCT('البيانات'!$X$2:$X$2001,--('البيانات'!$A$2:$A$2001=$A32),--((('البيانات'!$E$2:$E$2001="LV")+('البيانات'!$E$2:$E$2001="MV")+('البيانات'!$E$2:$E$2001="HV")+('البيانات'!$E$2:$E$2001="OH"))>0),'البيانات'!$P$2:$P$2001) | D32: =$B32-$C32 | E32: =SUM($B$2:$B32) | F32: =IF('الخطة'!$B$1>0,'الخطة'!$B$1/'الخطة'!$B$4*$A32,0)

Sheet الخطة
A1: إجمالي خطة الشهر (طن) | B1: 4442
A2: خطة الألومنيوم AL (طن) | B2: 3139
A3: خطة النحاس CU (طن) | B3: 1303
A4: عدد أيام الشهر | B4: 31
A5: الشهر | B5: أكتوبر 2026
A7: ✏️ عدّل الأرقام الصفراء بس — الداشبورد كله يتحدث لوحده.

Sheet قوائم
A1: الكل | B1: الكل | C1: الكل | D1: الكل | E1: الكل | F1: الكل
A2: MV | B2: الشركة العربية للصناعة والتجارة الدولية | C2: EX13 | D2: OK | E2: تصدير | F2: AL
A3: LV | B3: Eland Cables | C3: EX03 | D3: Hold | E3: محلي | F3: CU
A4: HV | B4: شركة مصر العليا لتوزيع الكهرباء | C4: EX04 | D4: بدون حالة
A5: OH | B5: Faber Kabel | C5: EX06
A6: BC | B6: Vigo trgovina d.o.o. | C6: EX07
A7: CC | B7: INSELL | C7: EX09
A8: IC | B8: Sadacavi | C8: EX05
B9: Helal Elsewedy | C9: EX01
B10: Electrical Supplies & Services LTD. | C10: EX14
B11: Energya Power & Telecom Solutions | C11: RW01
B12: Helukabel Germany | C12: CO03
B13: Cleveland Cables Company | C13: EX08
B14: Al Jawad- Cote D'ivoire | C14: CO01
B15: Energya El Sewedy Helal International Limited – Ke | C15: CT03
B16: VLG RO S.R.L. | C16: EX012
B17: Next Technologies Limited | C17: LX01
B18: المجموعه الهندسيه | C18: RW02
B19: Master Power Systems Ltd | C19: ST01
B20: 2M KABLO SAN VE TIC A.S | C20: RS03
... B23: Meinhart Cables Connect | C23: RW03
B24: Kharafi National
B25: شركة الجيل الجديد لإستيراد المواد الكهربائية والصن
B26: VLG Hungary
B27: شركة جنوب الدلتا لتوزيع الكهرباء
B28: شركة انوار المدينة لاستيراد المواد الكهربائية
B29: مؤسسة جبريل هانى جبريل احمد
B30: كونكورد للهندسة والمقاولات
B31: المدكور للمشروعات
B32: CASSIS Equipements
B33: Tabarak Company For Engineering & Construction
B34: SUNCITY ELECTRICAL SALES AND SERVICES LTD. Kenya
B35: VEOLIA
... B67: شيماء محمد احمد عبدالمغيث
